Funcion,Algoritmo,Mejor Aptitud,Tiempo
sphere,Algoritmo Genetico (Generacional),0.0,1.5239992141723633
sphere,Algoritmo Genetico (Elitismo),1.0,1.4329030513763428
sphere,Algoritmo Genetico (Reemplazo de los peores),1.0,1.4321107864379883
sphere,Recocido Simulado (Logaritmico),5.0,0.0
sphere,Recocido Simulado (Decremento Lento),0.0,0.007978677749633789
sphere,Algoritmo Genetico (Generacional),0.0,1.4266819953918457
sphere,Algoritmo Genetico (Elitismo),0.0,1.427319049835205
sphere,Algoritmo Genetico (Reemplazo de los peores),1.0,1.4398298263549805
sphere,Recocido Simulado (Logaritmico),6.0,0.0
sphere,Recocido Simulado (Decremento Lento),0.0,0.008106231689453125
sphere,Algoritmo Genetico (Generacional),0.0,1.429140329360962
sphere,Algoritmo Genetico (Elitismo),0.0,1.4426517486572266
sphere,Algoritmo Genetico (Reemplazo de los peores),0.0,1.4233508110046387
sphere,Recocido Simulado (Logaritmico),4.0,0.0
sphere,Recocido Simulado (Decremento Lento),0.0,0.007673501968383789
sphere,Algoritmo Genetico (Generacional),0.0,1.4140386581420898
sphere,Algoritmo Genetico (Elitismo),0.0,1.4293172359466553
sphere,Algoritmo Genetico (Reemplazo de los peores),0.0,1.425710678100586
sphere,Recocido Simulado (Logaritmico),4.0,0.0009608268737792969
sphere,Recocido Simulado (Decremento Lento),0.0,0.007903575897216797
sphere,Algoritmo Genetico (Generacional),1.0,1.4205889701843262
sphere,Algoritmo Genetico (Elitismo),0.0,1.4373242855072021
sphere,Algoritmo Genetico (Reemplazo de los peores),0.0,1.4323525428771973
sphere,Recocido Simulado (Logaritmico),5.0,0.0
sphere,Recocido Simulado (Decremento Lento),0.0,0.007718086242675781
sphere,Algoritmo Genetico (Generacional),1.0,1.4100818634033203
sphere,Algoritmo Genetico (Elitismo),0.0,1.4192023277282715
sphere,Algoritmo Genetico (Reemplazo de los peores),1.0,1.3980762958526611
sphere,Recocido Simulado (Logaritmico),4.0,0.0
sphere,Recocido Simulado (Decremento Lento),0.0,0.007219552993774414
sphere,Algoritmo Genetico (Generacional),1.0,1.398740291595459
sphere,Algoritmo Genetico (Elitismo),1.0,1.4109253883361816
sphere,Algoritmo Genetico (Reemplazo de los peores),1.0,1.4003055095672607
sphere,Recocido Simulado (Logaritmico),4.0,0.0
sphere,Recocido Simulado (Decremento Lento),0.0,0.006977558135986328
sphere,Algoritmo Genetico (Generacional),0.0,1.4098138809204102
sphere,Algoritmo Genetico (Elitismo),0.0,1.424788236618042
sphere,Algoritmo Genetico (Reemplazo de los peores),0.0,1.568436861038208
sphere,Recocido Simulado (Logaritmico),4.0,0.0
sphere,Recocido Simulado (Decremento Lento),0.0,0.006796121597290039
sphere,Algoritmo Genetico (Generacional),0.0,1.4276924133300781
sphere,Algoritmo Genetico (Elitismo),1.0,1.424429178237915
sphere,Algoritmo Genetico (Reemplazo de los peores),0.0,1.4220154285430908
sphere,Recocido Simulado (Logaritmico),2.0,0.0
sphere,Recocido Simulado (Decremento Lento),0.0,0.0070154666900634766
sphere,Algoritmo Genetico (Generacional),0.0,1.4364845752716064
sphere,Algoritmo Genetico (Elitismo),0.0,1.4177830219268799
sphere,Algoritmo Genetico (Reemplazo de los peores),0.0,1.4321951866149902
sphere,Recocido Simulado (Logaritmico),4.0,0.0009884834289550781
sphere,Recocido Simulado (Decremento Lento),0.0,0.0075206756591796875
sphere,Algoritmo Genetico (Generacional),0.0,1.4352061748504639
sphere,Algoritmo Genetico (Elitismo),1.0,1.4206700325012207
sphere,Algoritmo Genetico (Reemplazo de los peores),0.0,1.4273028373718262
sphere,Recocido Simulado (Logaritmico),4.0,0.0
sphere,Recocido Simulado (Decremento Lento),0.0,0.008022069931030273
sphere,Algoritmo Genetico (Generacional),0.0,1.4406402111053467
sphere,Algoritmo Genetico (Elitismo),0.0,1.4236891269683838
sphere,Algoritmo Genetico (Reemplazo de los peores),0.0,1.4325129985809326
sphere,Recocido Simulado (Logaritmico),7.0,0.0
sphere,Recocido Simulado (Decremento Lento),0.0,0.008205890655517578
sphere,Algoritmo Genetico (Generacional),0.0,1.4257056713104248
sphere,Algoritmo Genetico (Elitismo),0.0,1.6509590148925781
sphere,Algoritmo Genetico (Reemplazo de los peores),0.0,1.45613694190979
sphere,Recocido Simulado (Logaritmico),3.0,0.000997781753540039
sphere,Recocido Simulado (Decremento Lento),0.0,0.006982088088989258
sphere,Algoritmo Genetico (Generacional),1.0,1.4344303607940674
sphere,Algoritmo Genetico (Elitismo),0.0,1.4320652484893799
sphere,Algoritmo Genetico (Reemplazo de los peores),0.0,1.4106688499450684
sphere,Recocido Simulado (Logaritmico),5.0,0.0005414485931396484
sphere,Recocido Simulado (Decremento Lento),0.0,0.007501125335693359
sphere,Algoritmo Genetico (Generacional),0.0,1.3983304500579834
sphere,Algoritmo Genetico (Elitismo),1.0,1.4221959114074707
sphere,Algoritmo Genetico (Reemplazo de los peores),0.0,1.422776460647583
sphere,Recocido Simulado (Logaritmico),4.0,0.0
sphere,Recocido Simulado (Decremento Lento),0.0,0.007646083831787109
sphere,Algoritmo Genetico (Generacional),0.0,1.4175727367401123
sphere,Algoritmo Genetico (Elitismo),1.0,1.4192485809326172
sphere,Algoritmo Genetico (Reemplazo de los peores),0.0,1.7072057723999023
sphere,Recocido Simulado (Logaritmico),4.0,0.0
sphere,Recocido Simulado (Decremento Lento),0.0,0.007784605026245117
sphere,Algoritmo Genetico (Generacional),0.0,1.4658377170562744
sphere,Algoritmo Genetico (Elitismo),0.0,1.4383647441864014
sphere,Algoritmo Genetico (Reemplazo de los peores),1.0,1.428105354309082
sphere,Recocido Simulado (Logaritmico),3.0,0.0
sphere,Recocido Simulado (Decremento Lento),0.0,0.007939577102661133
sphere,Algoritmo Genetico (Generacional),1.0,1.4078369140625
sphere,Algoritmo Genetico (Elitismo),0.0,1.4252893924713135
sphere,Algoritmo Genetico (Reemplazo de los peores),0.0,1.409700632095337
sphere,Recocido Simulado (Logaritmico),4.0,0.0
sphere,Recocido Simulado (Decremento Lento),0.0,0.008249282836914062
sphere,Algoritmo Genetico (Generacional),0.0,1.4189810752868652
sphere,Algoritmo Genetico (Elitismo),0.0,1.4269955158233643
sphere,Algoritmo Genetico (Reemplazo de los peores),1.0,1.4220287799835205
sphere,Recocido Simulado (Logaritmico),3.0,0.0
sphere,Recocido Simulado (Decremento Lento),0.0,0.007790803909301758
sphere,Algoritmo Genetico (Generacional),0.0,1.4354965686798096
sphere,Algoritmo Genetico (Elitismo),1.0,1.4393837451934814
sphere,Algoritmo Genetico (Reemplazo de los peores),0.0,1.4359245300292969
sphere,Recocido Simulado (Logaritmico),4.0,0.0009949207305908203
sphere,Recocido Simulado (Decremento Lento),0.0,0.00733494758605957
sphere,Algoritmo Genetico (Generacional),1.0,1.4395253658294678
sphere,Algoritmo Genetico (Elitismo),0.0,1.453528642654419
sphere,Algoritmo Genetico (Reemplazo de los peores),1.0,1.442957878112793
sphere,Recocido Simulado (Logaritmico),2.0,0.0009784698486328125
sphere,Recocido Simulado (Decremento Lento),0.0,0.0070285797119140625
sphere,Algoritmo Genetico (Generacional),0.0,1.4634759426116943
sphere,Algoritmo Genetico (Elitismo),1.0,1.4523236751556396
sphere,Algoritmo Genetico (Reemplazo de los peores),1.0,1.4443228244781494
sphere,Recocido Simulado (Logaritmico),6.0,0.0
sphere,Recocido Simulado (Decremento Lento),0.0,0.008123159408569336
sphere,Algoritmo Genetico (Generacional),0.0,1.4326891899108887
sphere,Algoritmo Genetico (Elitismo),0.0,1.4133667945861816
sphere,Algoritmo Genetico (Reemplazo de los peores),0.0,1.4306695461273193
sphere,Recocido Simulado (Logaritmico),3.0,0.0
sphere,Recocido Simulado (Decremento Lento),0.0,0.00780034065246582
sphere,Algoritmo Genetico (Generacional),0.0,1.4378843307495117
sphere,Algoritmo Genetico (Elitismo),0.0,1.44575834274292
sphere,Algoritmo Genetico (Reemplazo de los peores),1.0,1.4736275672912598
sphere,Recocido Simulado (Logaritmico),3.0,0.0009958744049072266
sphere,Recocido Simulado (Decremento Lento),0.0,0.007712602615356445
sphere,Algoritmo Genetico (Generacional),1.0,1.5037038326263428
sphere,Algoritmo Genetico (Elitismo),0.0,1.4398670196533203
sphere,Algoritmo Genetico (Reemplazo de los peores),0.0,1.446385145187378
sphere,Recocido Simulado (Logaritmico),5.0,0.0009946823120117188
sphere,Recocido Simulado (Decremento Lento),1.0,0.006582975387573242
sphere,Algoritmo Genetico (Generacional),0.0,1.4475996494293213
sphere,Algoritmo Genetico (Elitismo),0.0,1.438671588897705
sphere,Algoritmo Genetico (Reemplazo de los peores),0.0,1.423893690109253
sphere,Recocido Simulado (Logaritmico),3.0,0.0
sphere,Recocido Simulado (Decremento Lento),0.0,0.0066089630126953125
sphere,Algoritmo Genetico (Generacional),0.0,1.4185044765472412
sphere,Algoritmo Genetico (Elitismo),0.0,1.4245460033416748
sphere,Algoritmo Genetico (Reemplazo de los peores),0.0,1.4259862899780273
sphere,Recocido Simulado (Logaritmico),5.0,0.0
sphere,Recocido Simulado (Decremento Lento),0.0,0.008395910263061523
sphere,Algoritmo Genetico (Generacional),1.0,1.4197781085968018
sphere,Algoritmo Genetico (Elitismo),0.0,1.4523451328277588
sphere,Algoritmo Genetico (Reemplazo de los peores),0.0,1.4474287033081055
sphere,Recocido Simulado (Logaritmico),4.0,0.0
sphere,Recocido Simulado (Decremento Lento),0.0,0.008239984512329102
sphere,Algoritmo Genetico (Generacional),1.0,1.4398126602172852
sphere,Algoritmo Genetico (Elitismo),0.0,1.4444990158081055
sphere,Algoritmo Genetico (Reemplazo de los peores),0.0,1.434347152709961
sphere,Recocido Simulado (Logaritmico),5.0,0.0009992122650146484
sphere,Recocido Simulado (Decremento Lento),0.0,0.006131649017333984
sphere,Algoritmo Genetico (Generacional),0.0,1.4422671794891357
sphere,Algoritmo Genetico (Elitismo),0.0,1.4480042457580566
sphere,Algoritmo Genetico (Reemplazo de los peores),0.0,1.42838716506958
sphere,Recocido Simulado (Logaritmico),4.0,0.0
sphere,Recocido Simulado (Decremento Lento),0.0,0.007652997970581055
ackley,Algoritmo Genetico (Generacional),0.0,1.84786057472229
ackley,Algoritmo Genetico (Elitismo),0.0,1.8857953548431396
ackley,Algoritmo Genetico (Reemplazo de los peores),0.0,1.8030433654785156
ackley,Recocido Simulado (Logaritmico),2.376360272343085,0.0
ackley,Recocido Simulado (Decremento Lento),2.0751545922899837,0.011682271957397461
ackley,Algoritmo Genetico (Generacional),0.0,1.806060791015625
ackley,Algoritmo Genetico (Elitismo),0.0,1.8737859725952148
ackley,Algoritmo Genetico (Reemplazo de los peores),0.0,1.7701480388641357
ackley,Recocido Simulado (Logaritmico),2.376360272343085,0.0009982585906982422
ackley,Recocido Simulado (Decremento Lento),0.0,0.010008573532104492
ackley,Algoritmo Genetico (Generacional),0.0,1.7636160850524902
ackley,Algoritmo Genetico (Elitismo),0.0,1.769704818725586
ackley,Algoritmo Genetico (Reemplazo de los peores),0.0,1.7865641117095947
ackley,Recocido Simulado (Logaritmico),2.8703147202664994,0.0
ackley,Recocido Simulado (Decremento Lento),0.0,0.010674238204956055
ackley,Algoritmo Genetico (Generacional),0.0,1.8091049194335938
ackley,Algoritmo Genetico (Elitismo),0.0,1.7732131481170654
ackley,Algoritmo Genetico (Reemplazo de los peores),0.0,1.7877144813537598
ackley,Recocido Simulado (Logaritmico),2.0751545922899837,0.0009975433349609375
ackley,Recocido Simulado (Decremento Lento),0.0,0.010696649551391602
ackley,Algoritmo Genetico (Generacional),0.0,1.9935102462768555
ackley,Algoritmo Genetico (Elitismo),0.0,1.8455240726470947
ackley,Algoritmo Genetico (Reemplazo de los peores),0.0,1.8039684295654297
ackley,Recocido Simulado (Logaritmico),2.637531092108304,0.001161813735961914
ackley,Recocido Simulado (Decremento Lento),0.0,0.00458526611328125
ackley,Algoritmo Genetico (Generacional),1.2257411716696964,1.8037331104278564
ackley,Algoritmo Genetico (Elitismo),0.0,1.926330327987671
ackley,Algoritmo Genetico (Reemplazo de los peores),0.0,1.9438068866729736
ackley,Recocido Simulado (Logaritmico),2.0751545922899837,0.0009932518005371094
ackley,Recocido Simulado (Decremento Lento),0.0,0.009584188461303711
ackley,Algoritmo Genetico (Generacional),0.0,1.8441996574401855
ackley,Algoritmo Genetico (Elitismo),0.0,1.9501543045043945
ackley,Algoritmo Genetico (Reemplazo de los peores),0.0,2.18167781829834
ackley,Recocido Simulado (Logaritmico),2.376360272343085,0.0
ackley,Recocido Simulado (Decremento Lento),0.0,0.012416839599609375
ackley,Algoritmo Genetico (Generacional),0.0,2.109893798828125
ackley,Algoritmo Genetico (Elitismo),0.0,1.947244644165039
ackley,Algoritmo Genetico (Reemplazo de los peores),0.0,2.1573143005371094
ackley,Recocido Simulado (Logaritmico),2.376360272343085,0.0
ackley,Recocido Simulado (Decremento Lento),0.0,0.01534581184387207
ackley,Algoritmo Genetico (Generacional),0.0,2.229715585708618
ackley,Algoritmo Genetico (Elitismo),0.0,1.9465937614440918
ackley,Algoritmo Genetico (Reemplazo de los peores),0.0,2.082181453704834
ackley,Recocido Simulado (Logaritmico),2.8703147202664994,0.0017380714416503906
ackley,Recocido Simulado (Decremento Lento),0.0,0.013624429702758789
ackley,Algoritmo Genetico (Generacional),0.0,1.9966106414794922
ackley,Algoritmo Genetico (Elitismo),0.0,2.1451101303100586
ackley,Algoritmo Genetico (Reemplazo de los peores),0.0,1.7623248100280762
ackley,Recocido Simulado (Logaritmico),2.637531092108304,0.0005352497100830078
ackley,Recocido Simulado (Decremento Lento),0.0,0.010523796081542969
ackley,Algoritmo Genetico (Generacional),0.0,1.774885654449463
ackley,Algoritmo Genetico (Elitismo),0.0,1.7664518356323242
ackley,Algoritmo Genetico (Reemplazo de los peores),0.0,1.7398078441619873
ackley,Recocido Simulado (Logaritmico),2.8703147202664994,0.0
ackley,Recocido Simulado (Decremento Lento),0.0,0.011882781982421875
ackley,Algoritmo Genetico (Generacional),0.0,1.7883622646331787
ackley,Algoritmo Genetico (Elitismo),0.0,1.839095115661621
ackley,Algoritmo Genetico (Reemplazo de los peores),0.0,1.8177344799041748
ackley,Recocido Simulado (Logaritmico),2.637531092108304,0.0009980201721191406
ackley,Recocido Simulado (Decremento Lento),0.0,0.010917901992797852
ackley,Algoritmo Genetico (Generacional),0.0,1.8428449630737305
ackley,Algoritmo Genetico (Elitismo),0.0,1.806971788406372
ackley,Algoritmo Genetico (Reemplazo de los peores),0.0,1.9092743396759033
ackley,Recocido Simulado (Logaritmico),2.8703147202664994,0.0009975433349609375
ackley,Recocido Simulado (Decremento Lento),0.0,0.010916471481323242
ackley,Algoritmo Genetico (Generacional),0.0,1.8329002857208252
ackley,Algoritmo Genetico (Elitismo),0.0,1.7689504623413086
ackley,Algoritmo Genetico (Reemplazo de los peores),0.0,1.7923593521118164
ackley,Recocido Simulado (Logaritmico),2.376360272343085,0.000997304916381836
ackley,Recocido Simulado (Decremento Lento),1.7111871278556592,0.009160280227661133
ackley,Algoritmo Genetico (Generacional),0.0,1.8300955295562744
ackley,Algoritmo Genetico (Elitismo),0.0,1.8056156635284424
ackley,Algoritmo Genetico (Reemplazo de los peores),0.0,1.7390739917755127
ackley,Recocido Simulado (Logaritmico),2.0751545922899837,0.000995635986328125
ackley,Recocido Simulado (Decremento Lento),0.0,0.010242938995361328
ackley,Algoritmo Genetico (Generacional),0.0,1.7379872798919678
ackley,Algoritmo Genetico (Elitismo),0.0,1.7481117248535156
ackley,Algoritmo Genetico (Reemplazo de los peores),0.0,1.8046245574951172
ackley,Recocido Simulado (Logaritmico),2.0751545922899837,0.0
ackley,Recocido Simulado (Decremento Lento),0.0,0.013394355773925781
ackley,Algoritmo Genetico (Generacional),0.0,1.9073834419250488
ackley,Algoritmo Genetico (Elitismo),0.0,1.812345266342163
ackley,Algoritmo Genetico (Reemplazo de los peores),0.0,1.8211374282836914
ackley,Recocido Simulado (Logaritmico),2.8703147202664994,0.0003981590270996094
ackley,Recocido Simulado (Decremento Lento),0.0,0.010360956192016602
ackley,Algoritmo Genetico (Generacional),0.0,1.8050549030303955
ackley,Algoritmo Genetico (Elitismo),0.0,1.795588493347168
ackley,Algoritmo Genetico (Reemplazo de los peores),0.0,1.805778980255127
ackley,Recocido Simulado (Logaritmico),2.637531092108304,0.0
ackley,Recocido Simulado (Decremento Lento),1.7111871278556592,0.009922266006469727
ackley,Algoritmo Genetico (Generacional),0.0,1.7938611507415771
ackley,Algoritmo Genetico (Elitismo),0.0,1.7870898246765137
ackley,Algoritmo Genetico (Reemplazo de los peores),0.0,1.7671213150024414
ackley,Recocido Simulado (Logaritmico),2.0751545922899837,0.0
ackley,Recocido Simulado (Decremento Lento),1.2257411716696964,0.0018544197082519531
ackley,Algoritmo Genetico (Generacional),0.0,1.771916389465332
ackley,Algoritmo Genetico (Elitismo),0.0,1.7765858173370361
ackley,Algoritmo Genetico (Reemplazo de los peores),0.0,1.8598275184631348
ackley,Recocido Simulado (Logaritmico),2.376360272343085,0.0
ackley,Recocido Simulado (Decremento Lento),1.2257411716696964,0.01149296760559082
ackley,Algoritmo Genetico (Generacional),0.0,1.7705373764038086
ackley,Algoritmo Genetico (Elitismo),0.0,1.7482779026031494
ackley,Algoritmo Genetico (Reemplazo de los peores),0.0,1.7674574851989746
ackley,Recocido Simulado (Logaritmico),2.0751545922899837,0.0
ackley,Recocido Simulado (Decremento Lento),1.2257411716696964,0.010302066802978516
ackley,Algoritmo Genetico (Generacional),0.0,1.7533800601959229
ackley,Algoritmo Genetico (Elitismo),0.0,1.751237154006958
ackley,Algoritmo Genetico (Reemplazo de los peores),0.0,1.7659258842468262
ackley,Recocido Simulado (Logaritmico),2.8703147202664994,0.0
ackley,Recocido Simulado (Decremento Lento),0.0,0.005255937576293945
ackley,Algoritmo Genetico (Generacional),0.0,1.7678594589233398
ackley,Algoritmo Genetico (Elitismo),0.0,1.7549488544464111
ackley,Algoritmo Genetico (Reemplazo de los peores),0.0,1.7697315216064453
ackley,Recocido Simulado (Logaritmico),2.376360272343085,0.000997304916381836
ackley,Recocido Simulado (Decremento Lento),0.0,0.009730339050292969
ackley,Algoritmo Genetico (Generacional),0.0,1.7548456192016602
ackley,Algoritmo Genetico (Elitismo),0.0,1.7674241065979004
ackley,Algoritmo Genetico (Reemplazo de los peores),0.0,1.7469205856323242
ackley,Recocido Simulado (Logaritmico),2.0751545922899837,0.0011768341064453125
ackley,Recocido Simulado (Decremento Lento),0.0,0.011148214340209961
ackley,Algoritmo Genetico (Generacional),0.0,1.7499699592590332
ackley,Algoritmo Genetico (Elitismo),0.0,1.7677295207977295
ackley,Algoritmo Genetico (Reemplazo de los peores),0.0,1.757441759109497
ackley,Recocido Simulado (Logaritmico),2.376360272343085,0.0
ackley,Recocido Simulado (Decremento Lento),0.0,0.01685619354248047
ackley,Algoritmo Genetico (Generacional),0.0,1.744530439376831
ackley,Algoritmo Genetico (Elitismo),0.0,1.9385428428649902
ackley,Algoritmo Genetico (Reemplazo de los peores),0.0,1.853071689605713
ackley,Recocido Simulado (Logaritmico),2.637531092108304,0.0
ackley,Recocido Simulado (Decremento Lento),0.0,0.01213216781616211
ackley,Algoritmo Genetico (Generacional),0.0,1.7445950508117676
ackley,Algoritmo Genetico (Elitismo),0.0,1.7463555335998535
ackley,Algoritmo Genetico (Reemplazo de los peores),0.0,1.8940865993499756
ackley,Recocido Simulado (Logaritmico),2.637531092108304,0.0
ackley,Recocido Simulado (Decremento Lento),0.0,0.01106119155883789
ackley,Algoritmo Genetico (Generacional),0.0,1.8715767860412598
ackley,Algoritmo Genetico (Elitismo),0.0,1.825716257095337
ackley,Algoritmo Genetico (Reemplazo de los peores),0.0,1.8428246974945068
ackley,Recocido Simulado (Logaritmico),2.637531092108304,0.0
ackley,Recocido Simulado (Decremento Lento),0.0,0.010401487350463867
ackley,Algoritmo Genetico (Generacional),0.0,1.9239413738250732
ackley,Algoritmo Genetico (Elitismo),0.0,1.939122200012207
ackley,Algoritmo Genetico (Reemplazo de los peores),0.0,1.8489704132080078
ackley,Recocido Simulado (Logaritmico),3.081625695846352,0.0
ackley,Recocido Simulado (Decremento Lento),0.0,0.00997781753540039
ackley,Algoritmo Genetico (Generacional),0.0,1.794201135635376
ackley,Algoritmo Genetico (Elitismo),0.0,1.7980382442474365
ackley,Algoritmo Genetico (Reemplazo de los peores),0.0,1.7870700359344482
ackley,Recocido Simulado (Logaritmico),2.637531092108304,0.0
ackley,Recocido Simulado (Decremento Lento),0.0,0.010191917419433594
griewank,Algoritmo Genetico (Generacional),0.0,1.8686838150024414
griewank,Algoritmo Genetico (Elitismo),0.0,1.8548803329467773
griewank,Algoritmo Genetico (Reemplazo de los peores),0.0,1.9110736846923828
griewank,Recocido Simulado (Logaritmico),0.6945109015147393,0.0009975433349609375
griewank,Recocido Simulado (Decremento Lento),0.269832866777866,0.013144731521606445
griewank,Algoritmo Genetico (Generacional),0.0,1.8271980285644531
griewank,Algoritmo Genetico (Elitismo),0.0,1.835111379623413
griewank,Algoritmo Genetico (Reemplazo de los peores),0.0,1.8379790782928467
griewank,Recocido Simulado (Logaritmico),0.6363158315222772,0.0
griewank,Recocido Simulado (Decremento Lento),0.2530270877585279,0.013364315032958984
griewank,Algoritmo Genetico (Generacional),0.0,1.827263355255127
griewank,Algoritmo Genetico (Elitismo),0.0,1.9071769714355469
griewank,Algoritmo Genetico (Reemplazo de los peores),0.0,1.8441476821899414
griewank,Recocido Simulado (Logaritmico),0.440285526361304,0.0005404949188232422
griewank,Recocido Simulado (Decremento Lento),0.37061889539409476,0.013753414154052734
griewank,Algoritmo Genetico (Generacional),0.0,1.8370323181152344
griewank,Algoritmo Genetico (Elitismo),0.0,1.8251311779022217
griewank,Algoritmo Genetico (Reemplazo de los peores),0.0,1.8310449123382568
griewank,Recocido Simulado (Logaritmico),0.747786970137946,0.0009868144989013672
griewank,Recocido Simulado (Decremento Lento),0.21259176639757804,0.012662649154663086
griewank,Algoritmo Genetico (Generacional),0.0,1.8153119087219238
griewank,Algoritmo Genetico (Elitismo),0.0,1.8475782871246338
griewank,Algoritmo Genetico (Reemplazo de los peores),0.0,1.8225312232971191
griewank,Recocido Simulado (Logaritmico),0.6977788103167919,0.0009975433349609375
griewank,Recocido Simulado (Decremento Lento),0.470901687818964,0.012964963912963867
griewank,Algoritmo Genetico (Generacional),0.0,1.8246264457702637
griewank,Algoritmo Genetico (Elitismo),0.0,1.821775197982788
griewank,Algoritmo Genetico (Reemplazo de los peores),0.0,1.835963249206543
griewank,Recocido Simulado (Logaritmico),0.5500034643907756,0.0
griewank,Recocido Simulado (Decremento Lento),0.35370493121688407,0.012300252914428711
griewank,Algoritmo Genetico (Generacional),0.0,1.8311944007873535
griewank,Algoritmo Genetico (Elitismo),0.0,1.8205468654632568
griewank,Algoritmo Genetico (Reemplazo de los peores),0.0,1.8222784996032715
griewank,Recocido Simulado (Logaritmico),0.7429148885572419,0.0
griewank,Recocido Simulado (Decremento Lento),0.17681208738769172,0.01392984390258789
griewank,Algoritmo Genetico (Generacional),0.0,1.8216793537139893
griewank,Algoritmo Genetico (Elitismo),0.0,1.8390734195709229
griewank,Algoritmo Genetico (Reemplazo de los peores),0.0,1.8297080993652344
griewank,Recocido Simulado (Logaritmico),0.39331634054937425,0.0009968280792236328
griewank,Recocido Simulado (Decremento Lento),0.3632437271717973,0.01297760009765625
griewank,Algoritmo Genetico (Generacional),0.0,1.873384952545166
griewank,Algoritmo Genetico (Elitismo),0.0,1.8298306465148926
griewank,Algoritmo Genetico (Reemplazo de los peores),0.0,1.8446753025054932
griewank,Recocido Simulado (Logaritmico),0.7142071160153456,0.0
griewank,Recocido Simulado (Decremento Lento),0.25809177103686287,0.012974739074707031
griewank,Algoritmo Genetico (Generacional),0.0,1.8344593048095703
griewank,Algoritmo Genetico (Elitismo),0.0,1.8438875675201416
griewank,Algoritmo Genetico (Reemplazo de los peores),0.0,1.8257241249084473
griewank,Recocido Simulado (Logaritmico),0.6546784185211196,0.0009827613830566406
griewank,Recocido Simulado (Decremento Lento),0.269832866777866,0.013212203979492188
griewank,Algoritmo Genetico (Generacional),0.0,1.8274753093719482
griewank,Algoritmo Genetico (Elitismo),0.0,1.8354237079620361
griewank,Algoritmo Genetico (Reemplazo de los peores),0.0,1.814279317855835
griewank,Recocido Simulado (Logaritmico),0.526340118220962,0.0
griewank,Recocido Simulado (Decremento Lento),0.7655469047953132,0.012156248092651367
griewank,Algoritmo Genetico (Generacional),0.0,1.8274412155151367
griewank,Algoritmo Genetico (Elitismo),0.0,1.8961575031280518
griewank,Algoritmo Genetico (Reemplazo de los peores),0.0,1.8306825160980225
griewank,Recocido Simulado (Logaritmico),0.3018746611750921,0.0
griewank,Recocido Simulado (Decremento Lento),0.3924680303899688,0.013137340545654297
griewank,Algoritmo Genetico (Generacional),0.0,1.8225629329681396
griewank,Algoritmo Genetico (Elitismo),0.0,1.8173542022705078
griewank,Algoritmo Genetico (Reemplazo de los peores),0.0,1.8353028297424316
griewank,Recocido Simulado (Logaritmico),0.36469498081715,0.0
griewank,Recocido Simulado (Decremento Lento),0.6347521486100265,0.013197183609008789
griewank,Algoritmo Genetico (Generacional),0.0,1.8133060932159424
griewank,Algoritmo Genetico (Elitismo),0.0,1.8163812160491943
griewank,Algoritmo Genetico (Reemplazo de los peores),0.0,1.8304827213287354
griewank,Recocido Simulado (Logaritmico),0.21422867284114455,0.0
griewank,Recocido Simulado (Decremento Lento),0.5304829889801304,0.011968612670898438
griewank,Algoritmo Genetico (Generacional),0.0,1.828965663909912
griewank,Algoritmo Genetico (Elitismo),0.0,1.8180451393127441
griewank,Algoritmo Genetico (Reemplazo de los peores),0.0,1.8332266807556152
griewank,Recocido Simulado (Logaritmico),0.3147267040143682,0.0011556148529052734
griewank,Recocido Simulado (Decremento Lento),0.32584488890959007,0.012820959091186523
griewank,Algoritmo Genetico (Generacional),0.0,1.8241307735443115
griewank,Algoritmo Genetico (Elitismo),0.0,1.8434350490570068
griewank,Algoritmo Genetico (Reemplazo de los peores),0.0,1.82320237159729
griewank,Recocido Simulado (Logaritmico),0.4903667617205074,0.0
griewank,Recocido Simulado (Decremento Lento),0.19466769800479655,0.013289451599121094
griewank,Algoritmo Genetico (Generacional),0.0,1.8332867622375488
griewank,Algoritmo Genetico (Elitismo),0.0,1.8333206176757812
griewank,Algoritmo Genetico (Reemplazo de los peores),0.0,1.8235461711883545
griewank,Recocido Simulado (Logaritmico),0.33376690446193746,0.0
griewank,Recocido Simulado (Decremento Lento),0.26516319161318336,0.012929201126098633
griewank,Algoritmo Genetico (Generacional),0.0,1.8128304481506348
griewank,Algoritmo Genetico (Elitismo),0.0,1.8202226161956787
griewank,Algoritmo Genetico (Reemplazo de los peores),0.0,1.8124210834503174
griewank,Recocido Simulado (Logaritmico),0.39948400972890474,0.0
griewank,Recocido Simulado (Decremento Lento),0.35223398318030097,0.015430927276611328
griewank,Algoritmo Genetico (Generacional),0.0,1.8066809177398682
griewank,Algoritmo Genetico (Elitismo),0.0,1.8165264129638672
griewank,Algoritmo Genetico (Reemplazo de los peores),0.0,1.8311491012573242
griewank,Recocido Simulado (Logaritmico),0.5479687272433187,0.0
griewank,Recocido Simulado (Decremento Lento),0.42907298306571473,0.012634038925170898
griewank,Algoritmo Genetico (Generacional),0.0,1.8273231983184814
griewank,Algoritmo Genetico (Elitismo),0.0,1.8169963359832764
griewank,Algoritmo Genetico (Reemplazo de los peores),0.0,1.8372917175292969
griewank,Recocido Simulado (Logaritmico),0.7043607714283436,0.0
griewank,Recocido Simulado (Decremento Lento),0.1546133046307292,0.013009309768676758
griewank,Algoritmo Genetico (Generacional),0.0,1.829343318939209
griewank,Algoritmo Genetico (Elitismo),0.0,1.82373046875
griewank,Algoritmo Genetico (Reemplazo de los peores),0.0,1.876481533050537
griewank,Recocido Simulado (Logaritmico),0.3708551404361379,0.0011513233184814453
griewank,Recocido Simulado (Decremento Lento),0.3226070524157476,0.01192927360534668
griewank,Algoritmo Genetico (Generacional),0.0,1.8222901821136475
griewank,Algoritmo Genetico (Elitismo),0.0,1.8336892127990723
griewank,Algoritmo Genetico (Reemplazo de los peores),0.0,1.8221063613891602
griewank,Recocido Simulado (Logaritmico),0.5520666950719866,0.0012500286102294922
griewank,Recocido Simulado (Decremento Lento),0.07083227021794813,0.013180971145629883
griewank,Algoritmo Genetico (Generacional),0.0,1.8187909126281738
griewank,Algoritmo Genetico (Elitismo),0.0,1.826375961303711
griewank,Algoritmo Genetico (Reemplazo de los peores),0.0,1.8250188827514648
griewank,Recocido Simulado (Logaritmico),0.6627366266692869,0.001032114028930664
griewank,Recocido Simulado (Decremento Lento),0.298693219579923,0.013198375701904297
griewank,Algoritmo Genetico (Generacional),0.0,1.8191263675689697
griewank,Algoritmo Genetico (Elitismo),0.0,1.8238120079040527
griewank,Algoritmo Genetico (Reemplazo de los peores),0.0,1.8226308822631836
griewank,Recocido Simulado (Logaritmico),0.2300045675537601,0.0014243125915527344
griewank,Recocido Simulado (Decremento Lento),0.40850801275374893,0.012438058853149414
griewank,Algoritmo Genetico (Generacional),0.0,1.8149566650390625
griewank,Algoritmo Genetico (Elitismo),0.0,1.807720422744751
griewank,Algoritmo Genetico (Reemplazo de los peores),0.0,1.8291423320770264
griewank,Recocido Simulado (Logaritmico),0.628313140497665,0.0
griewank,Recocido Simulado (Decremento Lento),0.35766921010735253,0.014580726623535156
griewank,Algoritmo Genetico (Generacional),0.0,1.8199348449707031
griewank,Algoritmo Genetico (Elitismo),0.0,1.8408493995666504
griewank,Algoritmo Genetico (Reemplazo de los peores),0.0,1.8212308883666992
griewank,Recocido Simulado (Logaritmico),0.5189999779692107,0.0
griewank,Recocido Simulado (Decremento Lento),0.3954940886823114,0.01434636116027832
griewank,Algoritmo Genetico (Generacional),0.0,1.8189187049865723
griewank,Algoritmo Genetico (Elitismo),0.0,1.8078694343566895
griewank,Algoritmo Genetico (Reemplazo de los peores),0.0,1.812079906463623
griewank,Recocido Simulado (Logaritmico),0.35955986969735254,0.0009918212890625
griewank,Recocido Simulado (Decremento Lento),0.46952381474331895,0.012879371643066406
griewank,Algoritmo Genetico (Generacional),0.0,1.8322107791900635
griewank,Algoritmo Genetico (Elitismo),0.0,1.815441370010376
griewank,Algoritmo Genetico (Reemplazo de los peores),0.0,1.8505339622497559
griewank,Recocido Simulado (Logaritmico),0.5090774873530994,0.0
griewank,Recocido Simulado (Decremento Lento),0.4832736478382875,0.013360261917114258
griewank,Algoritmo Genetico (Generacional),0.0,1.8195765018463135
griewank,Algoritmo Genetico (Elitismo),0.0,1.8554987907409668
griewank,Algoritmo Genetico (Reemplazo de los peores),0.0,1.8528804779052734
griewank,Recocido Simulado (Logaritmico),0.41608368308962884,0.00103759765625
griewank,Recocido Simulado (Decremento Lento),0.27374978206623646,0.012786865234375
griewank,Algoritmo Genetico (Generacional),0.0,2.017503023147583
griewank,Algoritmo Genetico (Elitismo),0.0,1.875807285308838
griewank,Algoritmo Genetico (Reemplazo de los peores),0.0,1.9482715129852295
griewank,Recocido Simulado (Logaritmico),0.3824236841183096,0.0
griewank,Recocido Simulado (Decremento Lento),0.17205279301902165,0.014211416244506836
rastrigin,Algoritmo Genetico (Generacional),0.19824084527638602,1.77740478515625
rastrigin,Algoritmo Genetico (Elitismo),0.19824084527638602,1.9098529815673828
rastrigin,Algoritmo Genetico (Reemplazo de los peores),0.19824084527638602,2.023381471633911
rastrigin,Recocido Simulado (Logaritmico),0.3396923097368943,0.0009951591491699219
rastrigin,Recocido Simulado (Decremento Lento),0.2937529627675504,0.01264643669128418
rastrigin,Algoritmo Genetico (Generacional),0.19824084527638602,1.788210391998291
rastrigin,Algoritmo Genetico (Elitismo),0.19824084527638602,1.929361343383789
rastrigin,Algoritmo Genetico (Reemplazo de los peores),0.19824084527638602,1.7994446754455566
rastrigin,Recocido Simulado (Logaritmico),0.3397633733307131,0.0009946823120117188
rastrigin,Recocido Simulado (Decremento Lento),0.23803774266296157,0.011939287185668945
rastrigin,Algoritmo Genetico (Generacional),0.19824084527638602,1.7822825908660889
rastrigin,Algoritmo Genetico (Elitismo),0.19824084527638602,1.8519983291625977
rastrigin,Algoritmo Genetico (Reemplazo de los peores),0.19824084527638602,1.8945748805999756
rastrigin,Recocido Simulado (Logaritmico),0.5000146027878836,0.0011959075927734375
rastrigin,Recocido Simulado (Decremento Lento),0.3756556058116535,0.011008977890014648
rastrigin,Algoritmo Genetico (Generacional),0.19824084527638602,1.7903404235839844
rastrigin,Algoritmo Genetico (Elitismo),0.19824084527638602,1.7909200191497803
rastrigin,Algoritmo Genetico (Reemplazo de los peores),0.19824084527638602,1.7894361019134521
rastrigin,Recocido Simulado (Logaritmico),0.2397507865132762,0.0
rastrigin,Recocido Simulado (Decremento Lento),0.42694870639159826,0.013951539993286133
rastrigin,Algoritmo Genetico (Generacional),0.19824084527638602,1.7866733074188232
rastrigin,Algoritmo Genetico (Elitismo),0.19824084527638602,1.786048173904419
rastrigin,Algoritmo Genetico (Reemplazo de los peores),0.19824084527638602,1.7865900993347168
rastrigin,Recocido Simulado (Logaritmico),0.41907091550575637,0.0
rastrigin,Recocido Simulado (Decremento Lento),0.2597208798054285,0.00958108901977539
rastrigin,Algoritmo Genetico (Generacional),0.19824084527638602,1.7698149681091309
rastrigin,Algoritmo Genetico (Elitismo),0.19824084527638602,1.7491047382354736
rastrigin,Algoritmo Genetico (Reemplazo de los peores),0.19824084527638602,1.7674057483673096
rastrigin,Recocido Simulado (Logaritmico),0.5794866686150256,0.0005426406860351562
rastrigin,Recocido Simulado (Decremento Lento),0.2632225547508912,0.011050939559936523
rastrigin,Algoritmo Genetico (Generacional),0.19824084527638602,1.7539315223693848
rastrigin,Algoritmo Genetico (Elitismo),0.19824084527638602,1.7720458507537842
rastrigin,Algoritmo Genetico (Reemplazo de los peores),0.19824084527638602,1.7712373733520508
rastrigin,Recocido Simulado (Logaritmico),0.44178289256977366,0.0
rastrigin,Recocido Simulado (Decremento Lento),0.31914609355844464,0.011657476425170898
rastrigin,Algoritmo Genetico (Generacional),0.19824084527638602,1.7659080028533936
rastrigin,Algoritmo Genetico (Elitismo),0.19824084527638602,1.7518415451049805
rastrigin,Algoritmo Genetico (Reemplazo de los peores),0.19824084527638602,1.7534198760986328
rastrigin,Recocido Simulado (Logaritmico),0.4254738547590897,0.0
rastrigin,Recocido Simulado (Decremento Lento),0.22769036882722818,0.011671304702758789
rastrigin,Algoritmo Genetico (Generacional),0.19824084527638602,1.7527058124542236
rastrigin,Algoritmo Genetico (Elitismo),0.19824084527638602,1.74295973777771
rastrigin,Algoritmo Genetico (Reemplazo de los peores),0.19824084527638602,1.8328211307525635
rastrigin,Recocido Simulado (Logaritmico),0.5762865117375877,0.001031637191772461
rastrigin,Recocido Simulado (Decremento Lento),0.319452323595851,0.010458707809448242
rastrigin,Algoritmo Genetico (Generacional),0.19824084527638602,1.7488927841186523
rastrigin,Algoritmo Genetico (Elitismo),0.19824084527638602,1.7543513774871826
rastrigin,Algoritmo Genetico (Reemplazo de los peores),0.19824084527638602,1.7507007122039795
rastrigin,Recocido Simulado (Logaritmico),0.385669651111939,0.0
rastrigin,Recocido Simulado (Decremento Lento),0.3052211896832081,0.011194467544555664
rastrigin,Algoritmo Genetico (Generacional),0.19824084527638602,1.7580935955047607
rastrigin,Algoritmo Genetico (Elitismo),0.19824084527638602,1.7604930400848389
rastrigin,Algoritmo Genetico (Reemplazo de los peores),0.19824084527638602,1.7886428833007812
rastrigin,Recocido Simulado (Logaritmico),0.3052211896832081,0.0009999275207519531
rastrigin,Recocido Simulado (Decremento Lento),0.2849009458716975,0.012739181518554688
rastrigin,Algoritmo Genetico (Generacional),0.19824084527638602,1.7579092979431152
rastrigin,Algoritmo Genetico (Elitismo),0.19824084527638602,1.7598068714141846
rastrigin,Algoritmo Genetico (Reemplazo de los peores),0.19824084527638602,1.7600505352020264
rastrigin,Recocido Simulado (Logaritmico),0.5761657952037059,0.0
rastrigin,Recocido Simulado (Decremento Lento),0.22769036882722818,0.012316465377807617
rastrigin,Algoritmo Genetico (Generacional),0.19824084527638602,1.7551205158233643
rastrigin,Algoritmo Genetico (Elitismo),0.19824084527638602,1.7614984512329102
rastrigin,Algoritmo Genetico (Reemplazo de los peores),0.19824084527638602,1.7483608722686768
rastrigin,Recocido Simulado (Logaritmico),0.7872713271588555,0.0009946823120117188
rastrigin,Recocido Simulado (Decremento Lento),0.27435200548669075,0.011839151382446289
rastrigin,Algoritmo Genetico (Generacional),0.19824084527638602,1.760084867477417
rastrigin,Algoritmo Genetico (Elitismo),0.19824084527638602,1.7632853984832764
rastrigin,Algoritmo Genetico (Reemplazo de los peores),0.19824084527638602,1.7566745281219482
rastrigin,Recocido Simulado (Logaritmico),0.7282502179337634,0.000997304916381836
rastrigin,Recocido Simulado (Decremento Lento),0.6166295480488203,0.011151313781738281
rastrigin,Algoritmo Genetico (Generacional),0.19824084527638602,1.758796215057373
rastrigin,Algoritmo Genetico (Elitismo),0.19824084527638602,1.7796270847320557
rastrigin,Algoritmo Genetico (Reemplazo de los peores),0.19824084527638602,1.7511765956878662
rastrigin,Recocido Simulado (Logaritmico),0.2712733407789654,0.0005397796630859375
rastrigin,Recocido Simulado (Decremento Lento),0.3552834171874782,0.014129877090454102
rastrigin,Algoritmo Genetico (Generacional),0.19824084527638602,1.7566416263580322
rastrigin,Algoritmo Genetico (Elitismo),0.19824084527638602,1.7890675067901611
rastrigin,Algoritmo Genetico (Reemplazo de los peores),0.19824084527638602,1.762129545211792
rastrigin,Recocido Simulado (Logaritmico),0.5538023247489502,0.0009922981262207031
rastrigin,Recocido Simulado (Decremento Lento),0.2896797935654671,0.011459589004516602
rastrigin,Algoritmo Genetico (Generacional),0.19824084527638602,1.7551195621490479
rastrigin,Algoritmo Genetico (Elitismo),0.19824084527638602,1.772249460220337
rastrigin,Algoritmo Genetico (Reemplazo de los peores),0.19824084527638602,1.7676448822021484
rastrigin,Recocido Simulado (Logaritmico),0.4144350297768972,0.0
rastrigin,Recocido Simulado (Decremento Lento),0.3292854291829885,0.011828184127807617
rastrigin,Algoritmo Genetico (Generacional),0.19824084527638602,1.7659344673156738
rastrigin,Algoritmo Genetico (Elitismo),0.19824084527638602,1.7895119190216064
rastrigin,Algoritmo Genetico (Reemplazo de los peores),0.19824084527638602,1.7732453346252441
rastrigin,Recocido Simulado (Logaritmico),0.4958114587050366,0.0
rastrigin,Recocido Simulado (Decremento Lento),0.2867228790211941,0.012690067291259766
rastrigin,Algoritmo Genetico (Generacional),0.19824084527638602,1.812286138534546
rastrigin,Algoritmo Genetico (Elitismo),0.19824084527638602,1.7627589702606201
rastrigin,Algoritmo Genetico (Reemplazo de los peores),0.19824084527638602,1.7595298290252686
rastrigin,Recocido Simulado (Logaritmico),0.2978942142489572,0.0010306835174560547
rastrigin,Recocido Simulado (Decremento Lento),0.5589927962420278,0.011623144149780273
rastrigin,Algoritmo Genetico (Generacional),0.19824084527638602,1.7479610443115234
rastrigin,Algoritmo Genetico (Elitismo),0.19824084527638602,1.7561540603637695
rastrigin,Algoritmo Genetico (Reemplazo de los peores),0.19824084527638602,1.7641117572784424
rastrigin,Recocido Simulado (Logaritmico),0.2787593460490112,0.0009970664978027344
rastrigin,Recocido Simulado (Decremento Lento),0.5126332382794926,0.011092424392700195
rastrigin,Algoritmo Genetico (Generacional),0.19824084527638602,1.7564363479614258
rastrigin,Algoritmo Genetico (Elitismo),0.19824084527638602,1.7521333694458008
rastrigin,Algoritmo Genetico (Reemplazo de los peores),0.19824084527638602,1.749518632888794
rastrigin,Recocido Simulado (Logaritmico),0.5020620966178753,0.0009989738464355469
rastrigin,Recocido Simulado (Decremento Lento),0.3063709431817667,0.012554407119750977
rastrigin,Algoritmo Genetico (Generacional),0.19824084527638602,1.7449827194213867
rastrigin,Algoritmo Genetico (Elitismo),0.19824084527638602,1.7645759582519531
rastrigin,Algoritmo Genetico (Reemplazo de los peores),0.19824084527638602,1.7612767219543457
rastrigin,Recocido Simulado (Logaritmico),0.3231607426588018,0.0005066394805908203
rastrigin,Recocido Simulado (Decremento Lento),0.5793586303884398,0.011004447937011719
rastrigin,Algoritmo Genetico (Generacional),0.19824084527638602,1.772273063659668
rastrigin,Algoritmo Genetico (Elitismo),0.19824084527638602,1.7627489566802979
rastrigin,Algoritmo Genetico (Reemplazo de los peores),0.19824084527638602,1.7583107948303223
rastrigin,Recocido Simulado (Logaritmico),0.550943275968569,0.0
rastrigin,Recocido Simulado (Decremento Lento),0.36175564715739966,0.012456417083740234
rastrigin,Algoritmo Genetico (Generacional),0.19824084527638602,1.768871784210205
rastrigin,Algoritmo Genetico (Elitismo),0.19824084527638602,1.7644329071044922
rastrigin,Algoritmo Genetico (Reemplazo de los peores),0.19824084527638602,1.7726237773895264
rastrigin,Recocido Simulado (Logaritmico),0.48093389002447595,0.0010004043579101562
rastrigin,Recocido Simulado (Decremento Lento),0.48031422485840775,0.012261152267456055
rastrigin,Algoritmo Genetico (Generacional),0.19824084527638602,1.757181167602539
rastrigin,Algoritmo Genetico (Elitismo),0.19824084527638602,1.7748827934265137
rastrigin,Algoritmo Genetico (Reemplazo de los peores),0.19824084527638602,1.7509877681732178
rastrigin,Recocido Simulado (Logaritmico),0.5601044672085533,0.0
rastrigin,Recocido Simulado (Decremento Lento),0.43866840116971817,0.012591123580932617
rastrigin,Algoritmo Genetico (Generacional),0.19824084527638602,1.7517132759094238
rastrigin,Algoritmo Genetico (Elitismo),0.19824084527638602,1.7658360004425049
rastrigin,Algoritmo Genetico (Reemplazo de los peores),0.19824084527638602,1.7552428245544434
rastrigin,Recocido Simulado (Logaritmico),0.3190757575788906,0.0
rastrigin,Recocido Simulado (Decremento Lento),0.4637605779693399,0.011777162551879883
rastrigin,Algoritmo Genetico (Generacional),0.19824084527638602,1.7563114166259766
rastrigin,Algoritmo Genetico (Elitismo),0.19824084527638602,1.7603833675384521
rastrigin,Algoritmo Genetico (Reemplazo de los peores),0.19824084527638602,1.7600014209747314
rastrigin,Recocido Simulado (Logaritmico),0.3083860907035662,0.0012919902801513672
rastrigin,Recocido Simulado (Decremento Lento),0.31133386207631714,0.01157236099243164
rastrigin,Algoritmo Genetico (Generacional),0.19824084527638602,1.7409088611602783
rastrigin,Algoritmo Genetico (Elitismo),0.19824084527638602,1.7537305355072021
rastrigin,Algoritmo Genetico (Reemplazo de los peores),0.19824084527638602,1.8343746662139893
rastrigin,Recocido Simulado (Logaritmico),0.6553579356251015,0.0
rastrigin,Recocido Simulado (Decremento Lento),0.2501022177795651,0.0054931640625
rastrigin,Algoritmo Genetico (Generacional),0.19824084527638602,1.776883602142334
rastrigin,Algoritmo Genetico (Elitismo),0.19824084527638602,1.771578311920166
rastrigin,Algoritmo Genetico (Reemplazo de los peores),0.19824084527638602,1.7645409107208252
rastrigin,Recocido Simulado (Logaritmico),0.43952156107081497,0.0
rastrigin,Recocido Simulado (Decremento Lento),0.2569986815040954,0.012729644775390625
rastrigin,Algoritmo Genetico (Generacional),0.19824084527638602,1.7737891674041748
rastrigin,Algoritmo Genetico (Elitismo),0.19824084527638602,1.760218620300293
rastrigin,Algoritmo Genetico (Reemplazo de los peores),0.19824084527638602,1.774548053741455
rastrigin,Recocido Simulado (Logaritmico),0.4637605779693399,0.0
rastrigin,Recocido Simulado (Decremento Lento),0.3789003146898945,0.012396812438964844
rosenbrock,Algoritmo Genetico (Generacional),0.0,1.8439805507659912
rosenbrock,Algoritmo Genetico (Elitismo),0.0,1.8446109294891357
rosenbrock,Algoritmo Genetico (Reemplazo de los peores),0.0,1.8507804870605469
rosenbrock,Recocido Simulado (Logaritmico),103.0,0.0
rosenbrock,Recocido Simulado (Decremento Lento),9.0,0.013084173202514648
rosenbrock,Algoritmo Genetico (Generacional),0.0,1.841737985610962
rosenbrock,Algoritmo Genetico (Elitismo),0.0,1.8389737606048584
rosenbrock,Algoritmo Genetico (Reemplazo de los peores),0.0,1.865060567855835
rosenbrock,Recocido Simulado (Logaritmico),204.0,0.0005402565002441406
rosenbrock,Recocido Simulado (Decremento Lento),0.0,0.01455378532409668
rosenbrock,Algoritmo Genetico (Generacional),9.0,1.845700740814209
rosenbrock,Algoritmo Genetico (Elitismo),0.0,1.8837189674377441
rosenbrock,Algoritmo Genetico (Reemplazo de los peores),0.0,1.8463420867919922
rosenbrock,Recocido Simulado (Logaritmico),201.0,0.0
rosenbrock,Recocido Simulado (Decremento Lento),0.0,0.017058372497558594
rosenbrock,Algoritmo Genetico (Generacional),0.0,1.850846529006958
rosenbrock,Algoritmo Genetico (Elitismo),0.0,1.8458502292633057
rosenbrock,Algoritmo Genetico (Reemplazo de los peores),9.0,1.8334887027740479
rosenbrock,Recocido Simulado (Logaritmico),305.0,0.0
rosenbrock,Recocido Simulado (Decremento Lento),0.0,0.013559341430664062
rosenbrock,Algoritmo Genetico (Generacional),9.0,1.832420825958252
rosenbrock,Algoritmo Genetico (Elitismo),9.0,1.8394415378570557
rosenbrock,Algoritmo Genetico (Reemplazo de los peores),0.0,1.8601222038269043
rosenbrock,Recocido Simulado (Logaritmico),108.0,0.0
rosenbrock,Recocido Simulado (Decremento Lento),0.0,0.013803243637084961
rosenbrock,Algoritmo Genetico (Generacional),0.0,1.841352939605713
rosenbrock,Algoritmo Genetico (Elitismo),0.0,1.8486533164978027
rosenbrock,Algoritmo Genetico (Reemplazo de los peores),0.0,1.8608808517456055
rosenbrock,Recocido Simulado (Logaritmico),0.0,0.0
rosenbrock,Recocido Simulado (Decremento Lento),0.0,0.01820683479309082
rosenbrock,Algoritmo Genetico (Generacional),0.0,1.8963954448699951
rosenbrock,Algoritmo Genetico (Elitismo),9.0,1.8415195941925049
rosenbrock,Algoritmo Genetico (Reemplazo de los peores),0.0,1.8523914813995361
rosenbrock,Recocido Simulado (Logaritmico),301.0,0.000997304916381836
rosenbrock,Recocido Simulado (Decremento Lento),9.0,0.013471364974975586
rosenbrock,Algoritmo Genetico (Generacional),0.0,1.846282958984375
rosenbrock,Algoritmo Genetico (Elitismo),0.0,1.8554725646972656
rosenbrock,Algoritmo Genetico (Reemplazo de los peores),9.0,1.8725306987762451
rosenbrock,Recocido Simulado (Logaritmico),305.0,0.0009989738464355469
rosenbrock,Recocido Simulado (Decremento Lento),0.0,0.014186859130859375
rosenbrock,Algoritmo Genetico (Generacional),0.0,1.8621323108673096
rosenbrock,Algoritmo Genetico (Elitismo),0.0,1.846733808517456
rosenbrock,Algoritmo Genetico (Reemplazo de los peores),0.0,1.8552277088165283
rosenbrock,Recocido Simulado (Logaritmico),206.0,0.0009894371032714844
rosenbrock,Recocido Simulado (Decremento Lento),9.0,0.01510763168334961
rosenbrock,Algoritmo Genetico (Generacional),0.0,1.8527562618255615
rosenbrock,Algoritmo Genetico (Elitismo),0.0,1.8576428890228271
rosenbrock,Algoritmo Genetico (Reemplazo de los peores),0.0,1.8423006534576416
rosenbrock,Recocido Simulado (Logaritmico),105.0,0.0009899139404296875
rosenbrock,Recocido Simulado (Decremento Lento),0.0,0.013031482696533203
rosenbrock,Algoritmo Genetico (Generacional),9.0,1.8374323844909668
rosenbrock,Algoritmo Genetico (Elitismo),0.0,1.8376927375793457
rosenbrock,Algoritmo Genetico (Reemplazo de los peores),0.0,1.8363757133483887
rosenbrock,Recocido Simulado (Logaritmico),403.0,0.0
rosenbrock,Recocido Simulado (Decremento Lento),0.0,0.012110710144042969
rosenbrock,Algoritmo Genetico (Generacional),0.0,1.8390464782714844
rosenbrock,Algoritmo Genetico (Elitismo),0.0,1.8597502708435059
rosenbrock,Algoritmo Genetico (Reemplazo de los peores),0.0,1.8340599536895752
rosenbrock,Recocido Simulado (Logaritmico),207.0,0.0
rosenbrock,Recocido Simulado (Decremento Lento),0.0,0.01334071159362793
rosenbrock,Algoritmo Genetico (Generacional),9.0,1.8435044288635254
rosenbrock,Algoritmo Genetico (Elitismo),0.0,1.8337182998657227
rosenbrock,Algoritmo Genetico (Reemplazo de los peores),0.0,1.8563246726989746
rosenbrock,Recocido Simulado (Logaritmico),9.0,0.0010919570922851562
rosenbrock,Recocido Simulado (Decremento Lento),0.0,0.013058185577392578
rosenbrock,Algoritmo Genetico (Generacional),0.0,1.8359496593475342
rosenbrock,Algoritmo Genetico (Elitismo),9.0,1.8760037422180176
rosenbrock,Algoritmo Genetico (Reemplazo de los peores),0.0,2.3698549270629883
rosenbrock,Recocido Simulado (Logaritmico),103.0,0.0010323524475097656
rosenbrock,Recocido Simulado (Decremento Lento),0.0,0.017651796340942383
rosenbrock,Algoritmo Genetico (Generacional),0.0,2.023059129714966
rosenbrock,Algoritmo Genetico (Elitismo),0.0,2.2656736373901367
rosenbrock,Algoritmo Genetico (Reemplazo de los peores),0.0,3.112473487854004
rosenbrock,Recocido Simulado (Logaritmico),207.0,0.0005059242248535156
rosenbrock,Recocido Simulado (Decremento Lento),9.0,0.01431584358215332
rosenbrock,Algoritmo Genetico (Generacional),0.0,3.042785406112671
rosenbrock,Algoritmo Genetico (Elitismo),0.0,1.9124114513397217
rosenbrock,Algoritmo Genetico (Reemplazo de los peores),0.0,1.9001190662384033
rosenbrock,Recocido Simulado (Logaritmico),107.0,0.0009975433349609375
rosenbrock,Recocido Simulado (Decremento Lento),0.0,0.01365804672241211
rosenbrock,Algoritmo Genetico (Generacional),0.0,1.8506848812103271
rosenbrock,Algoritmo Genetico (Elitismo),0.0,1.909888744354248
rosenbrock,Algoritmo Genetico (Reemplazo de los peores),0.0,2.233189105987549
rosenbrock,Recocido Simulado (Logaritmico),106.0,0.0
rosenbrock,Recocido Simulado (Decremento Lento),9.0,0.03500056266784668
rosenbrock,Algoritmo Genetico (Generacional),0.0,2.3229565620422363
rosenbrock,Algoritmo Genetico (Elitismo),0.0,2.2370455265045166
rosenbrock,Algoritmo Genetico (Reemplazo de los peores),0.0,2.037151575088501
rosenbrock,Recocido Simulado (Logaritmico),9.0,0.0010013580322265625
rosenbrock,Recocido Simulado (Decremento Lento),9.0,0.013994932174682617
rosenbrock,Algoritmo Genetico (Generacional),0.0,2.11885666847229
rosenbrock,Algoritmo Genetico (Elitismo),0.0,2.0611298084259033
rosenbrock,Algoritmo Genetico (Reemplazo de los peores),0.0,2.1632189750671387
rosenbrock,Recocido Simulado (Logaritmico),106.0,0.0
rosenbrock,Recocido Simulado (Decremento Lento),9.0,0.014569520950317383
rosenbrock,Algoritmo Genetico (Generacional),9.0,2.1198668479919434
rosenbrock,Algoritmo Genetico (Elitismo),0.0,1.9887371063232422
rosenbrock,Algoritmo Genetico (Reemplazo de los peores),9.0,1.9707345962524414
rosenbrock,Recocido Simulado (Logaritmico),306.0,0.0009543895721435547
rosenbrock,Recocido Simulado (Decremento Lento),0.0,0.013581037521362305
rosenbrock,Algoritmo Genetico (Generacional),0.0,2.0447804927825928
rosenbrock,Algoritmo Genetico (Elitismo),0.0,1.9701917171478271
rosenbrock,Algoritmo Genetico (Reemplazo de los peores),0.0,1.9696810245513916
rosenbrock,Recocido Simulado (Logaritmico),103.0,0.0013391971588134766
rosenbrock,Recocido Simulado (Decremento Lento),9.0,0.013156890869140625
rosenbrock,Algoritmo Genetico (Generacional),0.0,1.9964425563812256
rosenbrock,Algoritmo Genetico (Elitismo),0.0,1.9606056213378906
rosenbrock,Algoritmo Genetico (Reemplazo de los peores),0.0,1.953592300415039
rosenbrock,Recocido Simulado (Logaritmico),202.0,0.0
rosenbrock,Recocido Simulado (Decremento Lento),0.0,0.015006303787231445
rosenbrock,Algoritmo Genetico (Generacional),9.0,2.228679895401001
rosenbrock,Algoritmo Genetico (Elitismo),0.0,1.9565198421478271
rosenbrock,Algoritmo Genetico (Reemplazo de los peores),9.0,1.9313876628875732
rosenbrock,Recocido Simulado (Logaritmico),202.0,0.0
rosenbrock,Recocido Simulado (Decremento Lento),0.0,0.015839099884033203
rosenbrock,Algoritmo Genetico (Generacional),0.0,1.9048633575439453
rosenbrock,Algoritmo Genetico (Elitismo),9.0,1.9225127696990967
rosenbrock,Algoritmo Genetico (Reemplazo de los peores),0.0,1.929492473602295
rosenbrock,Recocido Simulado (Logaritmico),204.0,0.0
rosenbrock,Recocido Simulado (Decremento Lento),0.0,0.016666650772094727
rosenbrock,Algoritmo Genetico (Generacional),0.0,1.9014496803283691
rosenbrock,Algoritmo Genetico (Elitismo),0.0,1.8703398704528809
rosenbrock,Algoritmo Genetico (Reemplazo de los peores),9.0,1.875067949295044
rosenbrock,Recocido Simulado (Logaritmico),306.0,0.0009987354278564453
rosenbrock,Recocido Simulado (Decremento Lento),0.0,0.014322757720947266
rosenbrock,Algoritmo Genetico (Generacional),9.0,1.886188268661499
rosenbrock,Algoritmo Genetico (Elitismo),9.0,2.0091280937194824
rosenbrock,Algoritmo Genetico (Reemplazo de los peores),0.0,1.8800430297851562
rosenbrock,Recocido Simulado (Logaritmico),304.0,0.0
rosenbrock,Recocido Simulado (Decremento Lento),0.0,0.014441728591918945
rosenbrock,Algoritmo Genetico (Generacional),0.0,1.8467223644256592
rosenbrock,Algoritmo Genetico (Elitismo),0.0,1.9518189430236816
rosenbrock,Algoritmo Genetico (Reemplazo de los peores),0.0,1.8813459873199463
rosenbrock,Recocido Simulado (Logaritmico),403.0,0.0
rosenbrock,Recocido Simulado (Decremento Lento),0.0,0.014586925506591797
rosenbrock,Algoritmo Genetico (Generacional),0.0,1.8572752475738525
rosenbrock,Algoritmo Genetico (Elitismo),0.0,1.852954387664795
rosenbrock,Algoritmo Genetico (Reemplazo de los peores),0.0,1.8516080379486084
rosenbrock,Recocido Simulado (Logaritmico),0.0,0.000995635986328125
rosenbrock,Recocido Simulado (Decremento Lento),0.0,0.013667106628417969
rosenbrock,Algoritmo Genetico (Generacional),0.0,1.8656532764434814
rosenbrock,Algoritmo Genetico (Elitismo),0.0,1.848583698272705
rosenbrock,Algoritmo Genetico (Reemplazo de los peores),0.0,1.8567607402801514
rosenbrock,Recocido Simulado (Logaritmico),103.0,0.0010304450988769531
rosenbrock,Recocido Simulado (Decremento Lento),0.0,0.01326441764831543
rosenbrock,Algoritmo Genetico (Generacional),0.0,1.8490078449249268
rosenbrock,Algoritmo Genetico (Elitismo),9.0,1.8588769435882568
rosenbrock,Algoritmo Genetico (Reemplazo de los peores),0.0,1.8642792701721191
rosenbrock,Recocido Simulado (Logaritmico),403.0,0.0
rosenbrock,Recocido Simulado (Decremento Lento),0.0,0.013278007507324219
